id,first_name,last_name,full_name,email,password
1,Brian,Ramos,Brian Ramos,ramosb12@mcp.com,Bramos683
2,Anthony,Cruz,Anthony Cruz,cruza17@mcp.com,cruz@a187
3,Jack,Bennett,Jack Bennett,jack.bennett@mcp.com,bennett#j392
4,Samuel,Cooper,Samuel Cooper,coopers92@mcp.com,Csamwmbk
5,Helen,Jones,Helen Jones,helen_jones46@mcp.com,helen_17
6,Anna,Hernandez,Anna Hernandez,anna.hernandez33@mcp.com,AH0711!
7,Carolyn,Williams,Carolyn Williams,carolynw@mcp.com,Cwilliams406
8,John,Cox,John Cox,john.cox@mcp.com,JC0524@
9,Charles,Young,Charles Young,cyoung@mcp.com,Cyoung932
10,Joseph,Reed,Joseph Reed,joseph.reed@mcp.com,JR0722#
11,Alice,Parker,Alice Parker,alicep20@mcp.com,alice_41
12,Patricia,Smith,Patricia Smith,psmith26@mcp.com,Spatcxxq
13,Patricia,Murphy,Patricia Murphy,patricia_murphy@mcp.com,Pmurphy113
14,Jonathan,Jackson,Jonathan Jackson,jonathanj74@mcp.com,JJ0326#
15,James,Hill,James Hill,james_hill@mcp.com,JH1209#
16,Frances,Wood,Frances Wood,francesw@mcp.com,Wfrahyel
17,Christopher,Thompson,Christopher Thompson,thompsonc@mcp.com,thompson@c331
18,Elizabeth,Rogers,Elizabeth Rogers,elizabeth.rogers8@mcp.com,elizabeth_28
19,Aaron,Reyes,Aaron Reyes,aaronr60@mcp.com,aaroPPcgbO
20,Jose,Cook,Jose Cook,jcook@mcp.com,JC0120!
21,Kevin,Thomas,Kevin Thomas,thomask29@mcp.com,Tkevhhwk
22,Kenneth,Torres,Kenneth Torres,torresk@mcp.com,KT0701#
23,Frank,Hall,Frank Hall,hallf72@mcp.com,Hfrahglm
24,Janet,Chavez,Janet Chavez,jchavez@mcp.com,Cjanqiq6
25,Deborah,Edwards,Deborah Edwards,deborahe@mcp.com,Edebxwr7
26,Zachary,Stewart,Zachary Stewart,zacharys2@mcp.com,zachary1983%
27,Jack,Sanders,Jack Sanders,jacks@mcp.com,jack_30
28,Rebecca,Howard,Rebecca Howard,rebecca.howard67@mcp.com,Hrebtpdp
29,George,Howard,George Howard,george_howard@mcp.com,Ghoward695
30,Jose,Anderson,Jose Anderson,janderson@mcp.com,Janderson201
31,Jose,Roberts,Jose Roberts,jroberts13@mcp.com,Jroberts555
32,Jacob,Diaz,Jacob Diaz,jdiaz37@mcp.com,diaz@j907
33,James,Walker,James Walker,james.walker@mcp.com,Jwalker467
34,Shirley,Martinez,Shirley Martinez,martinezs@mcp.com,shirley1981@
35,Stephen,Sanders,Stephen Sanders,stephens87@mcp.com,SS0828!
36,Brandon,Brown,Brandon Brown,brandon.brown@mcp.com,brandon1981$
37,Frances,Mendoza,Frances Mendoza,frances_mendoza@mcp.com,mendoza$f746
38,Edward,Hughes,Edward Hughes,ehughes@mcp.com,edward2002%
39,David,Scott,David Scott,david.scott54@mcp.com,Dscott452
40,Betty,Castillo,Betty Castillo,bcastillo@mcp.com,betty1993$
41,Samuel,Parker,Samuel Parker,samuel_parker@mcp.com,Psamh05a
42,Linda,Howard,Linda Howard,linda_howard79@mcp.com,LH0507#
43,Frank,Collins,Frank Collins,fcollins99@mcp.com,Fcollins696
44,Patrick,Bennett,Patrick Bennett,pbennett19@mcp.com,Pbennett754
45,Deborah,Chavez,Deborah Chavez,deborah.chavez@mcp.com,Dchavez820
46,Brandon,Ramos,Brandon Ramos,ramosb@mcp.com,Rbrar2hj
47,Stephen,Brown,Stephen Brown,stephenb@mcp.com,Bstet9kq
48,Jessica,Perez,Jessica Perez,perezj@mcp.com,perez$j327
49,Sarah,Robinson,Sarah Robinson,sarah_robinson@mcp.com,sarah1998@
50,Paul,Martinez,Paul Martinez,paul_martinez5@mcp.com,paul_67
51,Brandon,Collins,Brandon Collins,collinsb6@mcp.com,branoms#Tp
52,Barbara,Richardson,Barbara Richardson,barbara.richardson@mcp.com,barbara1980@
53,Alice,Collins,Alice Collins,alice_collins67@mcp.com,collins#a738
54,Jennifer,Reyes,Jennifer Reyes,jennifer_reyes@mcp.com,jennRKEycx
55,Angela,Reyes,Angela Reyes,angela.reyes68@mcp.com,angela_60
56,Mary,Miller,Mary Miller,mary.miller53@mcp.com,mary_92
57,Henry,Hall,Henry Hall,henry_hall@mcp.com,hall@h391
58,Jennifer,Bailey,Jennifer Bailey,jbailey84@mcp.com,Bjenjwd3
59,Kathleen,Lopez,Kathleen Lopez,kathleenl@mcp.com,kathleen1994$
60,Dennis,Rivera,Dennis Rivera,dennis_rivera@mcp.com,denny!Ges@
61,Douglas,Allen,Douglas Allen,douglas_allen@mcp.com,Dallen759
62,Pamela,James,Pamela James,pamelaj@mcp.com,PJ0804!
63,Benjamin,Mendoza,Benjamin Mendoza,bmendoza2@mcp.com,BM0904#
64,Jacob,Collins,Jacob Collins,jacob.collins5@mcp.com,collins@j607
65,Teresa,Cooper,Teresa Cooper,teresa.cooper74@mcp.com,cooper@t456
66,Shirley,Kim,Shirley Kim,shirley.kim@mcp.com,shirkSDogJ
67,Jonathan,Reed,Jonathan Reed,reedj@mcp.com,Jreed299
68,Gary,Thompson,Gary Thompson,thompsong19@mcp.com,garyyWcyy7
69,Carolyn,Allen,Carolyn Allen,carolyn.allen56@mcp.com,carofNi6Jv
70,Thomas,Diaz,Thomas Diaz,thomasd@mcp.com,Tdiaz745
71,Joseph,Roberts,Joseph Roberts,josephr@mcp.com,joseph2004%
72,Angela,Robinson,Angela Robinson,angelar@mcp.com,Rangb8mm
73,Brian,Campbell,Brian Campbell,bcampbell58@mcp.com,BC0711@
74,Maria,Cruz,Maria Cruz,maria.cruz@mcp.com,Mcruz879
75,Amanda,Taylor,Amanda Taylor,amanda_taylor@mcp.com,amanda_99
76,Timothy,Roberts,Timothy Roberts,troberts52@mcp.com,TR1015@
77,Kathleen,Chavez,Kathleen Chavez,chavezk12@mcp.com,chavez#k749
78,David,Green,David Green,greend@mcp.com,DG0602#
79,Donald,Ramirez,Donald Ramirez,donald.ramirez@mcp.com,donald1992!
80,Angela,Cruz,Angela Cruz,angelac69@mcp.com,angela2005!
81,George,Flores,George Flores,floresg4@mcp.com,george_36
82,Jose,Smith,Jose Smith,jsmith@mcp.com,smith@j319
83,Mary,Allen,Mary Allen,allenm@mcp.com,allen#m535
84,Emma,Nelson,Emma Nelson,emma_nelson@mcp.com,Enelson220
85,Laura,King,Laura King,lking@mcp.com,laurHcvJGw
86,Thomas,Thompson,Thomas Thompson,thomas_thompson25@mcp.com,thompson$t974
87,Barbara,Howard,Barbara Howard,barbara.howard41@mcp.com,Hbarbh3q
88,Gregory,Jackson,Gregory Jackson,jacksong@mcp.com,Gjackson192
89,Henry,Cox,Henry Cox,coxh63@mcp.com,cox@h703
90,Donna,Thomas,Donna Thomas,dthomas@mcp.com,thomas#d305
91,Donald,Peterson,Donald Peterson,dpeterson@mcp.com,Dpeterson870
92,Eric,Young,Eric Young,ericy98@mcp.com,EY0311#
93,Richard,Robinson,Richard Robinson,richardr@mcp.com,Rrobinson329
94,Thomas,Ramos,Thomas Ramos,ramost@mcp.com,TR0715#
95,Raymond,Jones,Raymond Jones,rjones@mcp.com,RJ0109@
96,Christopher,Myers,Christopher Myers,myersc@mcp.com,chri70DrpS
97,Charles,Ward,Charles Ward,wardc92@mcp.com,CW1218#
98,Angela,Richardson,Angela Richardson,angela_richardson@mcp.com,AR1125!
99,Susan,Cruz,Susan Cruz,susan_cruz@mcp.com,Csusnbki
100,Nancy,Thomas,Nancy Thomas,thomasn@mcp.com,Tnantuir
101,Mary,Perez,Mary Perez,perezm27@mcp.com,mary_60
102,Nicholas,Thompson,Nicholas Thompson,nicholas.thompson14@mcp.com,Nthompson160
103,Laura,Cooper,Laura Cooper,laura_cooper81@mcp.com,laura_46
104,Kevin,Myers,Kevin Myers,kevin_myers14@mcp.com,Kmyers476
105,Victoria,Davis,Victoria Davis,victoria.davis@mcp.com,victwdd3j8
106,George,Morgan,George Morgan,georgem26@mcp.com,morgan$g166
107,Betty,Mitchell,Betty Mitchell,betty_mitchell@mcp.com,bettyszSbD
108,Joseph,Ortiz,Joseph Ortiz,josepho27@mcp.com,joseph2002!
109,Maria,Flores,Maria Flores,mariaf@mcp.com,maria_20
110,Lisa,Reed,Lisa Reed,lreed@mcp.com,LR0207!
111,Alice,Robinson,Alice Robinson,alice_robinson87@mcp.com,alicrdqQ!1
112,Jose,Alvarez,Jose Alvarez,alvarezj@mcp.com,JA1225@
113,Kathleen,Collins,Kathleen Collins,kathleenc28@mcp.com,Ckat4w5p
114,Gary,Price,Gary Price,priceg@mcp.com,price#g764
115,Christina,Nelson,Christina Nelson,christina.nelson41@mcp.com,christina_28
116,Steven,Rodriguez,Steven Rodriguez,rodriguezs@mcp.com,Rstewnd0
117,Jennifer,Cooper,Jennifer Cooper,jennifer.cooper@mcp.com,JC0102#
118,Shirley,Sanders,Shirley Sanders,shirley.sanders@mcp.com,shirley_45
119,Amy,Roberts,Amy Roberts,amy.roberts36@mcp.com,amy2czl3j
120,Teresa,Smith,Teresa Smith,smitht@mcp.com,TS0112#
121,Aaron,Lewis,Aaron Lewis,lewisa@mcp.com,aaron1998@
122,Amy,Cooper,Amy Cooper,amy.cooper16@mcp.com,AC1009#
123,Carolyn,Morris,Carolyn Morris,carolynm@mcp.com,Mcarfqdc
124,Jennifer,Reyes,Jennifer Reyes,jennifer.reyes@mcp.com,jennifer_40
125,Brian,Murphy,Brian Murphy,bmurphy91@mcp.com,BM0424#
126,Mary,Watson,Mary Watson,mary.watson73@mcp.com,mary1983#
127,Raymond,Mitchell,Raymond Mitchell,rmitchell@mcp.com,Rmitchell295
128,Teresa,Walker,Teresa Walker,teresa_walker@mcp.com,TW1010@
129,Steven,Taylor,Steven Taylor,steven.taylor@mcp.com,stevaT$!wc
130,Marie,Campbell,Marie Campbell,marie_campbell30@mcp.com,MC0507#
131,Marie,Roberts,Marie Roberts,robertsm86@mcp.com,mariESUSSA
132,Charles,James,Charles James,cjames@mcp.com,charles1989%
133,Christina,Thomas,Christina Thomas,christina.thomas8@mcp.com,CT1007@
134,Daniel,Cook,Daniel Cook,daniel.cook@mcp.com,Cdanyelc
135,Emily,Murphy,Emily Murphy,emilym35@mcp.com,emilhy5z0m
136,Sarah,Morris,Sarah Morris,sarah_morris50@mcp.com,sarai9D@r@
137,Christopher,Wood,Christopher Wood,woodc@mcp.com,CW0213#
138,Aaron,Taylor,Aaron Taylor,ataylor3@mcp.com,taylor$a534
139,Raymond,Williams,Raymond Williams,rwilliams@mcp.com,raymond1991#
140,Helen,Myers,Helen Myers,helenm@mcp.com,HM1211!
141,Carolyn,Martinez,Carolyn Martinez,cmartinez@mcp.com,carolyn1984!
142,David,Mitchell,David Mitchell,david_mitchell@mcp.com,david_69
143,Larry,Taylor,Larry Taylor,larry.taylor@mcp.com,larry_95
144,Ashley,Kim,Ashley Kim,ashley_kim@mcp.com,ashley_66
145,Emma,Torres,Emma Torres,emma.torres@mcp.com,emma1989$
146,Emily,Diaz,Emily Diaz,emilyd@mcp.com,emily1984$
147,Emily,Gray,Emily Gray,emily_gray@mcp.com,gray#e423
148,Zachary,Rodriguez,Zachary Rodriguez,zacharyr@mcp.com,zachnyjgJ@
149,Melissa,Harris,Melissa Harris,mharris@mcp.com,Mharris297
150,Andrew,Scott,Andrew Scott,ascott@mcp.com,Sandt4cy
151,Emily,Wilson,Emily Wilson,wilsone@mcp.com,emily_23
152,Virginia,Phillips,Virginia Phillips,phillipsv89@mcp.com,phillips$v401
153,Amy,Young,Amy Young,ayoung@mcp.com,amy1988@
154,Karen,Scott,Karen Scott,scottk@mcp.com,scott#k835
155,Emma,Chavez,Emma Chavez,chaveze@mcp.com,Echavez115
156,Jason,Carter,Jason Carter,jasonc1@mcp.com,Jcarter820
157,Mary,Anderson,Mary Anderson,marya@mcp.com,Manderson720
158,Lisa,White,Lisa White,lisa.white71@mcp.com,lisa1989$
159,Thomas,Williams,Thomas Williams,twilliams@mcp.com,williams@t806
160,Pamela,Moore,Pamela Moore,moorep80@mcp.com,pamev28g3Y
161,Carolyn,Allen,Carolyn Allen,carolyn.allen@mcp.com,carolyn1999#
162,Michelle,Ward,Michelle Ward,wardm@mcp.com,Wmicdqvn
163,Tyler,Rivera,Tyler Rivera,tyler.rivera28@mcp.com,Rtyl9wxu
164,Donald,Mitchell,Donald Mitchell,donald.mitchell81@mcp.com,donald_48
165,Martha,Miller,Martha Miller,mmiller@mcp.com,MM0425!
166,Carol,Davis,Carol Davis,carold4@mcp.com,CD0215!
167,George,Patel,George Patel,patelg78@mcp.com,george1989$
168,Carol,Cook,Carol Cook,carol_cook@mcp.com,carol_66
169,Joseph,Davis,Joseph Davis,davisj@mcp.com,joseph1986$
170,Brenda,Sanders,Brenda Sanders,brenda.sanders47@mcp.com,Sbrex6je
171,Matthew,Ramirez,Matthew Ramirez,mramirez@mcp.com,ramirez#m614
172,Thomas,Cruz,Thomas Cruz,tcruz@mcp.com,TC0425@
173,Janet,Ortiz,Janet Ortiz,jortiz30@mcp.com,Ojancecp
174,Angela,Morgan,Angela Morgan,angelam@mcp.com,Mangkmui
175,Ryan,Cooper,Ryan Cooper,cooperr39@mcp.com,Cryakyt1
176,Christina,Anderson,Christina Anderson,canderson@mcp.com,christina_11
177,Angela,Scott,Angela Scott,angela_scott14@mcp.com,angela_17
178,Samantha,Clark,Samantha Clark,samantha_clark95@mcp.com,Csamqrdt
179,Stephanie,Johnson,Stephanie Johnson,sjohnson@mcp.com,stephanie_39
180,Laura,Reed,Laura Reed,laurar86@mcp.com,Rlau93kg
181,Edward,Alvarez,Edward Alvarez,alvareze99@mcp.com,edward_71
182,Richard,Bailey,Richard Bailey,richard_bailey@mcp.com,Bricyynm
183,Gregory,Gomez,Gregory Gomez,gregory.gomez@mcp.com,gregory2001#
184,Dennis,Garcia,Dennis Garcia,dennis_garcia@mcp.com,Dgarcia303
185,Kevin,Hill,Kevin Hill,kevinh@mcp.com,Hkevodlb
186,Tracy,Martinez,Tracy Martinez,tracym@mcp.com,Tmartinez332
187,Gary,Young,Gary Young,youngg21@mcp.com,young@g735
188,Karen,Ramirez,Karen Ramirez,ramirezk@mcp.com,karejlwRMj
189,Emma,Thompson,Emma Thompson,thompsone@mcp.com,emmaiUVITP
190,Charles,King,Charles King,charlesk@mcp.com,CK1204@
191,Teresa,Gutierrez,Teresa Gutierrez,gutierrezt@mcp.com,tereb4NIN0
192,Dennis,Mitchell,Dennis Mitchell,mitchelld@mcp.com,dennis_78
193,Joshua,Ramos,Joshua Ramos,joshuar@mcp.com,JR0524#
194,Nancy,Flores,Nancy Flores,nancyf@mcp.com,nancv6ZFhM
195,Betty,Cox,Betty Cox,bettyc@mcp.com,cox$b893
196,Jonathan,Watson,Jonathan Watson,jonathan.watson88@mcp.com,watson#j354
197,Debra,Brown,Debra Brown,debra_brown@mcp.com,debra2002@
198,Helen,Ortiz,Helen Ortiz,ortizh@mcp.com,Ohel72o1
199,Justin,Smith,Justin Smith,justins@mcp.com,smith$j861
200,Alice,Chavez,Alice Chavez,alicec@mcp.com,alicur4g6#
201,Ronald,Richardson,Ronald Richardson,rrichardson@mcp.com,ronald1988!
202,Frank,Wilson,Frank Wilson,frank_wilson@mcp.com,FW0721#
203,Barbara,Baker,Barbara Baker,barbara_baker@mcp.com,Bbaker517
204,Steven,Morgan,Steven Morgan,morgans81@mcp.com,Mste6vk6
205,Sharon,Phillips,Sharon Phillips,sharon.phillips@mcp.com,sharon_78
206,Mary,Scott,Mary Scott,scottm84@mcp.com,mary_17
207,Kathleen,Martinez,Kathleen Martinez,kathleen_martinez4@mcp.com,Mkat5s20
208,Linda,Lewis,Linda Lewis,lindal@mcp.com,linda_93
209,Steven,King,Steven King,stevenk7@mcp.com,king$s184
210,Marie,Hernandez,Marie Hernandez,marieh@mcp.com,mariztfcmu
211,Larry,Johnson,Larry Johnson,larryj@mcp.com,larry_52
212,Patricia,Nelson,Patricia Nelson,patricia_nelson@mcp.com,patrrPo#4o
213,Kevin,Brown,Kevin Brown,brownk@mcp.com,brown@k591
214,Douglas,Cox,Douglas Cox,douglas.cox32@mcp.com,Dcox572
215,Matthew,Martinez,Matthew Martinez,matthew.martinez46@mcp.com,MM0622#
216,Tracy,Green,Tracy Green,tracyg@mcp.com,green#t874
217,Mary,Rogers,Mary Rogers,maryr@mcp.com,MR0526@
218,Melissa,Cox,Melissa Cox,melissa.cox@mcp.com,melissa_20
219,Thomas,Lewis,Thomas Lewis,lewist42@mcp.com,thomas_48
220,Robert,Phillips,Robert Phillips,robertp@mcp.com,phillips#r893
221,Patricia,Lee,Patricia Lee,patricia_lee41@mcp.com,patricia_48
222,Anthony,Perez,Anthony Perez,pereza@mcp.com,AP1007@
223,Aaron,Anderson,Aaron Anderson,andersona@mcp.com,Aanderson902
224,William,Ruiz,William Ruiz,ruizw@mcp.com,willCamR6Y
225,Cynthia,Chavez,Cynthia Chavez,cynthia.chavez@mcp.com,Cchavez267
226,Ryan,Morris,Ryan Morris,ryanm71@mcp.com,ryan_56
227,Laura,Edwards,Laura Edwards,edwardsl@mcp.com,edwards$l316
228,Frances,Flores,Frances Flores,fflores@mcp.com,Fflores312
229,Jerry,Watson,Jerry Watson,jwatson@mcp.com,jerry1985@
230,Ryan,King,Ryan King,ryan.king42@mcp.com,RK0801!
231,Dennis,Jackson,Dennis Jackson,djackson@mcp.com,dennis_42
232,Cynthia,White,Cynthia White,cynthia.white63@mcp.com,cynthia_44
233,Edward,Richardson,Edward Richardson,edward.richardson@mcp.com,edward_27
234,Joseph,Mitchell,Joseph Mitchell,jmitchell@mcp.com,Jmitchell429
235,James,Torres,James Torres,jtorres97@mcp.com,torres#j394
236,Tyler,Ward,Tyler Ward,tyler.ward27@mcp.com,Tward908
237,Ryan,Kelly,Ryan Kelly,ryan_kelly@mcp.com,Rkelly677
238,Daniel,Hall,Daniel Hall,daniel_hall@mcp.com,daniel1987%
239,Thomas,Cook,Thomas Cook,thomas.cook@mcp.com,thomas_55
240,Frank,Johnson,Frank Johnson,frank_johnson@mcp.com,fran1JK$KM
241,John,Taylor,John Taylor,jtaylor15@mcp.com,john_95
242,Anna,Adams,Anna Adams,adamsa@mcp.com,AA1021!
243,Samantha,Reyes,Samantha Reyes,samantha_reyes@mcp.com,samantha1992!
244,Janet,Wood,Janet Wood,woodj80@mcp.com,janet_62
245,Sarah,Taylor,Sarah Taylor,taylors15@mcp.com,taylor$s245
246,Matthew,Green,Matthew Green,matthewg@mcp.com,matthew_66
247,Christine,Green,Christine Green,cgreen@mcp.com,green$c687
248,Charles,Castillo,Charles Castillo,charlesc@mcp.com,CC0615@
249,Tyler,Taylor,Tyler Taylor,tyler.taylor81@mcp.com,Ttyl5avx
250,Paul,Diaz,Paul Diaz,paul.diaz@mcp.com,paul_31
251,Frances,Howard,Frances Howard,francesh35@mcp.com,frances_78
252,Susan,Lee,Susan Lee,susanl@mcp.com,lee#s175
253,Emma,Diaz,Emma Diaz,diaze@mcp.com,Ediaz174
254,Raymond,Lewis,Raymond Lewis,raymondl@mcp.com,raymond_52
255,Patricia,Moore,Patricia Moore,pmoore5@mcp.com,moore#p160
256,Amanda,Morales,Amanda Morales,moralesa@mcp.com,amanda_44
257,Brandon,Lopez,Brandon Lopez,blopez52@mcp.com,Blopez617
258,Cynthia,Wright,Cynthia Wright,cynthiaw@mcp.com,cynts3hw$I
259,Jeffrey,Hughes,Jeffrey Hughes,hughesj@mcp.com,hughes@j981
260,Richard,Green,Richard Green,richard_green66@mcp.com,Griccm94
261,Brenda,Reed,Brenda Reed,brendar@mcp.com,brenda1983@
262,George,Richardson,George Richardson,george_richardson@mcp.com,GR0810@
263,Tracy,Price,Tracy Price,pricet@mcp.com,Tprice756
264,Jeffrey,Wood,Jeffrey Wood,jwood@mcp.com,jeffrey2001!
265,Mark,Bennett,Mark Bennett,mark.bennett@mcp.com,Bmarfurt
266,Jerry,Collins,Jerry Collins,jerryc@mcp.com,Jcollins882
267,Stephanie,Cook,Stephanie Cook,scook@mcp.com,stephanie_34
268,Donna,James,Donna James,djames@mcp.com,donna1994%
269,Susan,Robinson,Susan Robinson,robinsons41@mcp.com,susaUrnC2l
270,Tyler,Hall,Tyler Hall,tyler.hall@mcp.com,tyleGyP1T5
271,Jerry,Ramirez,Jerry Ramirez,jerry.ramirez@mcp.com,Rjer9oto
272,Anna,Gray,Anna Gray,agray@mcp.com,Gann8z26
273,Barbara,Moore,Barbara Moore,mooreb35@mcp.com,BM0911!
274,Michael,Gray,Michael Gray,graym@mcp.com,michael_29
275,Daniel,Morgan,Daniel Morgan,morgand@mcp.com,Dmorgan984
276,Charles,Young,Charles Young,cyoung57@mcp.com,young$c627
277,Kimberly,Gray,Kimberly Gray,kimberlyg36@mcp.com,kimberly_80
278,James,Johnson,James Johnson,johnsonj52@mcp.com,johnson$j164
279,Gary,Johnson,Gary Johnson,johnsong@mcp.com,garyTHUMPF
280,Emily,Flores,Emily Flores,eflores@mcp.com,emily1982#
281,Nicholas,Taylor,Nicholas Taylor,nicholast@mcp.com,nich2YZqtr
282,Melissa,Lewis,Melissa Lewis,mlewis@mcp.com,melissa2004$
283,Ashley,Campbell,Ashley Campbell,ashley.campbell@mcp.com,campbell@a243
284,Jessica,Moore,Jessica Moore,moorej@mcp.com,Mjesrkte
285,Carolyn,Price,Carolyn Price,cprice@mcp.com,price@c340
286,Ryan,Gutierrez,Ryan Gutierrez,rgutierrez@mcp.com,gutierrez#r723
287,Ryan,Bennett,Ryan Bennett,ryan.bennett@mcp.com,Bryamu12
288,Mark,Martin,Mark Martin,mmartin@mcp.com,mark1989%
289,Scott,Lewis,Scott Lewis,lewiss17@mcp.com,SL0219!
290,Anthony,King,Anthony King,anthony.king@mcp.com,Kantf7ts
291,Melissa,Price,Melissa Price,pricem@mcp.com,meliu7TwTm
292,John,Rogers,John Rogers,rogersj63@mcp.com,john7Vsc03
293,Amy,Nelson,Amy Nelson,amy_nelson@mcp.com,amy_59
294,Lisa,Lopez,Lisa Lopez,lisal@mcp.com,lopez$l492
295,Alexander,Watson,Alexander Watson,alexander.watson@mcp.com,alexander1996!
296,Helen,James,Helen James,helen.james44@mcp.com,helen_80
297,Paul,Martinez,Paul Martinez,paul_martinez@mcp.com,paulB3urVy
298,Elizabeth,Moore,Elizabeth Moore,mooree62@mcp.com,elizabeth1986!
299,Andrew,Ramirez,Andrew Ramirez,ramireza@mcp.com,andr6hNm#W
300,Betty,Myers,Betty Myers,myersb@mcp.com,BM0326@
301,Donald,Clark,Donald Clark,donald_clark@mcp.com,DC1115!
302,Charles,Morris,Charles Morris,charles.morris@mcp.com,Mchaf7ie
303,Martha,Moore,Martha Moore,moorem9@mcp.com,martNizpu4
304,Cynthia,Lopez,Cynthia Lopez,cynthia_lopez70@mcp.com,cyntS@sAKq
305,Victoria,Nguyen,Victoria Nguyen,victorian24@mcp.com,victoria_65
306,Tyler,Myers,Tyler Myers,tyler_myers31@mcp.com,tyler_84
307,Marie,Kim,Marie Kim,mkim3@mcp.com,kim@m150
308,Debra,Morris,Debra Morris,debram@mcp.com,Mdebxca7
309,Angela,Collins,Angela Collins,angela.collins47@mcp.com,angela1994#
310,George,Patel,George Patel,george_patel@mcp.com,Gpatel675
311,Catherine,Sanders,Catherine Sanders,catherine.sanders@mcp.com,catherine1999!
312,Janet,Ramirez,Janet Ramirez,janetr19@mcp.com,ramirez@j110
313,Thomas,Lewis,Thomas Lewis,thomasl14@mcp.com,thomas_24
314,Larry,Wright,Larry Wright,larryw96@mcp.com,larrm!jC0o
315,Robert,Richardson,Robert Richardson,rrichardson307@mcp.com,Rrichardson455
316,Charles,Brown,Charles Brown,cbrown@mcp.com,Cbrown261
317,Scott,Wright,Scott Wright,wrights58@mcp.com,scott_72
318,Marie,Martinez,Marie Martinez,mmartinez@mcp.com,Mmartinez649
319,Donna,King,Donna King,kingd@mcp.com,Dking684
320,Christina,Nelson,Christina Nelson,nelsonc@mcp.com,CN0224!
321,Martha,Johnson,Martha Johnson,mjohnson@mcp.com,martha_95
322,Timothy,Cox,Timothy Cox,timothyc@mcp.com,timodHGdcU
323,Laura,Wood,Laura Wood,lwood62@mcp.com,Lwood669
324,Deborah,Garcia,Deborah Garcia,garciad@mcp.com,Dgarcia475
325,Nancy,Phillips,Nancy Phillips,nphillips@mcp.com,Nphillips750
326,Amy,Davis,Amy Davis,amyd16@mcp.com,amyX58PKo
327,Robert,Stewart,Robert Stewart,robert.stewart@mcp.com,robert_39
328,Shirley,Roberts,Shirley Roberts,shirley.roberts57@mcp.com,Rshirvie
329,Richard,Ruiz,Richard Ruiz,richard.ruiz@mcp.com,Rruiz498
330,Catherine,Morgan,Catherine Morgan,catherinem@mcp.com,morgan@c530
331,Eric,Thompson,Eric Thompson,eric_thompson22@mcp.com,eric1993@
332,Carolyn,Campbell,Carolyn Campbell,carolyn.campbell@mcp.com,CC0224#
333,Charles,Alvarez,Charles Alvarez,charlesa63@mcp.com,charles1983!
334,Susan,Kelly,Susan Kelly,susank@mcp.com,SK1113#
335,Sharon,Brooks,Sharon Brooks,sharon_brooks@mcp.com,brooks$s861
336,Emma,Ruiz,Emma Ruiz,emma_ruiz@mcp.com,ER1106@
337,Ruth,Hall,Ruth Hall,rhall@mcp.com,RH1012@
338,Karen,Cooper,Karen Cooper,kcooper@mcp.com,KC1012@
339,Aaron,Sanders,Aaron Sanders,sandersa9@mcp.com,aaron1990%
340,George,Green,George Green,george.green@mcp.com,GG0524#
341,Gregory,Castillo,Gregory Castillo,gregory_castillo@mcp.com,gregory_66
342,Tyler,Robinson,Tyler Robinson,tylerr61@mcp.com,tyler_66
343,Gary,Cox,Gary Cox,gary.cox12@mcp.com,gary_35
344,Ryan,Murphy,Ryan Murphy,ryan_murphy53@mcp.com,ryan_20
345,Michelle,White,Michelle White,mwhite60@mcp.com,MW0603#
346,Ruth,Phillips,Ruth Phillips,ruthp98@mcp.com,Rphillips292
347,Laura,Cox,Laura Cox,laura.cox@mcp.com,laurfe!tQe
348,Christina,Diaz,Christina Diaz,diazc@mcp.com,diaz#c477
349,Henry,Chavez,Henry Chavez,henry_chavez@mcp.com,HC0628!
350,Maria,Lee,Maria Lee,leem@mcp.com,lee@m113
351,Tyler,Miller,Tyler Miller,tmiller17@mcp.com,tyle@QPN#c
352,Jeffrey,Watson,Jeffrey Watson,jwatson255@mcp.com,Wjefaktb
353,Maria,Nguyen,Maria Nguyen,marian@mcp.com,marihVpkBP
354,Justin,Lopez,Justin Lopez,jlopez@mcp.com,just$sU!u8
355,Ashley,Gomez,Ashley Gomez,ashley.gomez97@mcp.com,ashlZvrWcv
356,Lisa,Flores,Lisa Flores,lisa_flores55@mcp.com,flores@l724
357,Emily,Murphy,Emily Murphy,emilym9@mcp.com,emily_59
358,Nicholas,Gray,Nicholas Gray,nicholas_gray@mcp.com,Gnicvf38
359,Patrick,Sanders,Patrick Sanders,patricks@mcp.com,patrw$S4nO
360,Maria,Nelson,Maria Nelson,nelsonm@mcp.com,Mnelson342
361,Mark,Turner,Mark Turner,mark.turner@mcp.com,Tmarb4yg
362,Raymond,Clark,Raymond Clark,rclark@mcp.com,raymond1998!
363,Timothy,Castillo,Timothy Castillo,timothyc641@mcp.com,timoIwBqw1
364,Dorothy,Cruz,Dorothy Cruz,dorothyc@mcp.com,doroAjHcqH
365,Andrew,Hughes,Andrew Hughes,andrewh@mcp.com,AH0604@
366,Angela,Morris,Angela Morris,angela_morris@mcp.com,angeJG@faC
367,Timothy,Hill,Timothy Hill,timothyh15@mcp.com,Htimona8
368,Gregory,Davis,Gregory Davis,gregoryd43@mcp.com,Dgre40z8
369,Kathleen,Ruiz,Kathleen Ruiz,ruizk@mcp.com,Rkatwscn
370,Emma,Robinson,Emma Robinson,emma_robinson@mcp.com,robinson@e703
371,Rebecca,Alvarez,Rebecca Alvarez,rebecca.alvarez@mcp.com,rebecca_28
372,Debra,Flores,Debra Flores,dflores@mcp.com,Fdeby0ho
373,Samantha,Torres,Samantha Torres,storres@mcp.com,samantha1992$
374,Mark,Kim,Mark Kim,mark_kim85@mcp.com,mark_93
375,Janet,Bailey,Janet Bailey,jbailey@mcp.com,bailey$j414
376,Stephen,White,Stephen White,stephen_white@mcp.com,white#s990
377,Stephanie,Cruz,Stephanie Cruz,stephaniec@mcp.com,SC0120!
378,Karen,Hall,Karen Hall,karenh@mcp.com,Khall247
379,Anna,Walker,Anna Walker,awalker85@mcp.com,AW0411@
380,James,Castillo,James Castillo,james_castillo@mcp.com,james_50
381,Cynthia,Perez,Cynthia Perez,cynthia.perez97@mcp.com,cynthia_33
382,Henry,Rogers,Henry Rogers,hrogers@mcp.com,HR0824!
383,Dorothy,Castillo,Dorothy Castillo,dorothyc97@mcp.com,castillo#d143
384,Kenneth,Morales,Kenneth Morales,kennethm@mcp.com,KM0427#
385,Jacob,Martin,Jacob Martin,jacob.martin@mcp.com,jacob2001!
386,Douglas,Jackson,Douglas Jackson,douglas.jackson99@mcp.com,douglas1996!
387,Angela,Gomez,Angela Gomez,agomez@mcp.com,angela1993@
388,Thomas,Reed,Thomas Reed,reedt3@mcp.com,reed#t388
389,Lisa,Brown,Lisa Brown,brownl24@mcp.com,lisa_21
390,Gary,Murphy,Gary Murphy,murphyg92@mcp.com,garyeDoLux
391,Angela,Castillo,Angela Castillo,castilloa@mcp.com,angela1981$
392,Steven,Davis,Steven Davis,steven_davis97@mcp.com,stev$oMQdd
393,Kimberly,Carter,Kimberly Carter,kimberly_carter58@mcp.com,kimberly_14
394,Thomas,Morales,Thomas Morales,thomas.morales@mcp.com,morales#t731
395,Tyler,Carter,Tyler Carter,tylerc@mcp.com,tyler_80
396,Jack,Green,Jack Green,jgreen58@mcp.com,green@j791
397,Samantha,Gray,Samantha Gray,samantha.gray@mcp.com,gray#s806
398,Karen,Myers,Karen Myers,karen.myers@mcp.com,karen_42
399,Amanda,Thompson,Amanda Thompson,thompsona19@mcp.com,aman!m2k01
400,Victoria,Hill,Victoria Hill,victoriah@mcp.com,hill@v982
401,Larry,Ramirez,Larry Ramirez,ramirezl@mcp.com,Rlar7y6r
402,Deborah,Lopez,Deborah Lopez,lopezd@mcp.com,lopez$d134
403,Benjamin,Jones,Benjamin Jones,jonesb49@mcp.com,Jbenokhl
404,Edward,Campbell,Edward Campbell,campbelle29@mcp.com,edward_59
405,Marie,Cruz,Marie Cruz,cruzm@mcp.com,MC0311#
406,Raymond,Rivera,Raymond Rivera,rrivera75@mcp.com,raymond_36
407,Jacob,Lewis,Jacob Lewis,jlewis@mcp.com,jacob1995$
408,Christine,Reed,Christine Reed,christiner@mcp.com,christine1980$
409,Carolyn,Anderson,Carolyn Anderson,carolyn.anderson@mcp.com,caro#jTtKc
410,Benjamin,Evans,Benjamin Evans,benjamine@mcp.com,benjMu8uDR
411,Shirley,White,Shirley White,shirleyw@mcp.com,SW0210#
412,David,Howard,David Howard,davidh@mcp.com,howard$d205
413,Frances,Cox,Frances Cox,francesc52@mcp.com,frances1996@
414,Amanda,Green,Amanda Green,amandag@mcp.com,amanc3vkfj
415,Steven,Carter,Steven Carter,steven.carter@mcp.com,SC0402@
416,Ryan,Williams,Ryan Williams,williamsr@mcp.com,ryanU$otKw
417,Anthony,Green,Anthony Green,agreen@mcp.com,anthony1992@
418,Daniel,Myers,Daniel Myers,daniel.myers@mcp.com,daniel1980@
419,Teresa,Cox,Teresa Cox,teresac@mcp.com,tere#rh49p
420,Lisa,Myers,Lisa Myers,lmyers@mcp.com,lisa_53
421,Lisa,Martin,Lisa Martin,lisa.martin9@mcp.com,lisaajbu6$
422,Nancy,King,Nancy King,nking@mcp.com,Nking925
423,Jonathan,Kim,Jonathan Kim,jkim@mcp.com,jonatjbzK6
424,Sarah,Brown,Sarah Brown,sbrown@mcp.com,sarah1999@
425,Jeffrey,Gonzalez,Jeffrey Gonzalez,jeffrey_gonzalez@mcp.com,jeffrey1989$
426,Angela,Lopez,Angela Lopez,angela_lopez@mcp.com,angeMXoCQX
427,Raymond,Ramos,Raymond Ramos,ramosr@mcp.com,Rramos239
428,Douglas,Robinson,Douglas Robinson,robinsond@mcp.com,DR0309!
429,Donna,Morris,Donna Morris,morrisd@mcp.com,Dmorris782
430,Shirley,Richardson,Shirley Richardson,shirley.richardson@mcp.com,richardson@s738
431,Michael,Campbell,Michael Campbell,campbellm@mcp.com,michael_96
432,Sharon,Nelson,Sharon Nelson,snelson37@mcp.com,Nsha42gu
433,Mark,Perez,Mark Perez,mperez34@mcp.com,mark1996%
434,Amy,Davis,Amy Davis,davisa@mcp.com,Adavis130
435,John,Thompson,John Thompson,thompsonj12@mcp.com,john_28
436,Laura,Adams,Laura Adams,lauraa@mcp.com,laurqL6hok
437,Christina,Bailey,Christina Bailey,baileyc@mcp.com,CB0227@
438,Tyler,Mitchell,Tyler Mitchell,mitchellt@mcp.com,tyle9KEAa3
439,Alexander,Parker,Alexander Parker,alexander_parker@mcp.com,alexander2001#
440,Frank,Parker,Frank Parker,frank_parker21@mcp.com,frank_52
441,Brandon,Scott,Brandon Scott,brandon_scott76@mcp.com,brandon_37
442,Dorothy,Reed,Dorothy Reed,dorothyr94@mcp.com,doroOvL!ml
443,Brian,Richardson,Brian Richardson,brianr93@mcp.com,Brichardson445
444,Richard,Mendoza,Richard Mendoza,rmendoza@mcp.com,RM0526@
445,Emma,Diaz,Emma Diaz,diaze74@mcp.com,Ediaz423
446,Ashley,White,Ashley White,whitea14@mcp.com,white@a613
447,Nicholas,Price,Nicholas Price,nicholas.price@mcp.com,nicholas1989@
448,Amanda,Diaz,Amanda Diaz,adiaz@mcp.com,Damai5hf
449,Christine,King,Christine King,cking@mcp.com,Kchrye3h
450,Donald,Adams,Donald Adams,dadams@mcp.com,donald_51
451,Jack,Ortiz,Jack Ortiz,jacko@mcp.com,jackquWQS8
452,Jeffrey,Morris,Jeffrey Morris,jeffreym@mcp.com,Jmorris828
453,Elizabeth,Miller,Elizabeth Miller,millere70@mcp.com,EM0224@
454,Teresa,James,Teresa James,tjames15@mcp.com,tereyT01gm
455,Edward,Ramos,Edward Ramos,edward_ramos58@mcp.com,ER0720@
456,Dorothy,Morgan,Dorothy Morgan,dorothy_morgan13@mcp.com,Mdorsrp3
457,Andrew,Green,Andrew Green,andrewg@mcp.com,andrew2002#
458,Dennis,Cook,Dennis Cook,dennis.cook33@mcp.com,DC0623!
459,Frank,Moore,Frank Moore,fmoore@mcp.com,Mfra3xg1
460,Emily,Howard,Emily Howard,emily.howard44@mcp.com,Hemis1at
461,Brenda,Chavez,Brenda Chavez,bchavez@mcp.com,brenda1992%
462,Mary,Gonzalez,Mary Gonzalez,mgonzalez62@mcp.com,MG0907!
463,Melissa,Howard,Melissa Howard,melissah@mcp.com,melissa_73
464,Gary,Thomas,Gary Thomas,gthomas@mcp.com,GT0107!
465,Timothy,Bailey,Timothy Bailey,timothy.bailey@mcp.com,TB0627!
466,Ryan,Davis,Ryan Davis,ryand@mcp.com,RD1016#
467,Anthony,Kelly,Anthony Kelly,anthony.kelly75@mcp.com,kelly@a751
468,Samantha,Peterson,Samantha Peterson,speterson@mcp.com,Psam1dc3
469,Tracy,Clark,Tracy Clark,tracy_clark44@mcp.com,tracy_61
470,Gregory,Perez,Gregory Perez,gregory.perez@mcp.com,gregory2003%
471,Jose,Edwards,Jose Edwards,edwardsj@mcp.com,jose_22
472,Kimberly,Howard,Kimberly Howard,kimberly_howard19@mcp.com,Khoward475
473,Donna,Cooper,Donna Cooper,dcooper@mcp.com,DC0614@
474,Virginia,Baker,Virginia Baker,virginia_baker@mcp.com,Bvir5irx
475,Catherine,Martin,Catherine Martin,catherine_martin@mcp.com,martin@c565
476,Emma,Collins,Emma Collins,collinse@mcp.com,Ecollins995
477,Ashley,Mitchell,Ashley Mitchell,mitchella@mcp.com,AM1017@
478,Cynthia,Hill,Cynthia Hill,cynthia_hill@mcp.com,hill#c564
479,Benjamin,Lewis,Benjamin Lewis,benjamin_lewis@mcp.com,Blewis177
480,Tyler,Campbell,Tyler Campbell,tylerc226@mcp.com,tyler2001!
481,Eric,Cooper,Eric Cooper,eric.cooper@mcp.com,eric_64
482,Michelle,Ruiz,Michelle Ruiz,michelle.ruiz@mcp.com,Rmic0agf
483,Mary,Wright,Mary Wright,wrightm@mcp.com,wright@m268
484,Charles,Perez,Charles Perez,perezc@mcp.com,CP0812#
485,Emma,Lee,Emma Lee,emma.lee@mcp.com,emma1987#
486,Stephanie,Roberts,Stephanie Roberts,sroberts@mcp.com,stepW4gu6e
487,Donald,Johnson,Donald Johnson,donaldj@mcp.com,donald1990%
488,Deborah,Mendoza,Deborah Mendoza,deborah.mendoza56@mcp.com,mendoza@d660
489,Christina,Brooks,Christina Brooks,brooksc@mcp.com,Cbrooks349
490,Jason,Patel,Jason Patel,patelj@mcp.com,jason2005%
491,Lisa,King,Lisa King,kingl@mcp.com,lisaIGjSm$
492,Helen,Cox,Helen Cox,helen.cox75@mcp.com,hele4oYMjA
493,Joseph,Martinez,Joseph Martinez,jmartinez@mcp.com,Mjosovsr
494,Anthony,Price,Anthony Price,anthony_price97@mcp.com,Pantbyni
495,Richard,Jones,Richard Jones,rjones59@mcp.com,Jrictzxe
496,Aaron,Brown,Aaron Brown,abrown@mcp.com,aaroO7gQh7
497,Tyler,Carter,Tyler Carter,tyler.carter@mcp.com,Ctyltiad
498,Edward,Parker,Edward Parker,parkere50@mcp.com,edward1985@
499,Brandon,Ward,Brandon Ward,brandon_ward@mcp.com,branCSyEy9
500,Ronald,Richardson,Ronald Richardson,ronaldr@mcp.com,ronah2Ecpw
